ERP009703	ERS667668	ERR771106
ERP009703	ERS667667	ERR771026
ERP009703	ERS667665	ERR771016
ERP009703	ERS667664	ERR771008
ERP009703	ERS667662	ERR770999
ERP009703	ERS667661	ERR770998
ERP009703	ERS667660	ERR770988
ERP009703	ERS667659	ERR770980
ERP009703	ERS667658	ERR770968
ERP009703	ERS667657	ERR771105
ERP009703	ERS667655	ERR771078
ERP009703	ERS667654	ERR771073
ERP009703	ERS667653	ERR771062
ERP009703	ERS667652	ERR771063
ERP009703	ERS667651	ERR771043
ERP009703	ERS667650	ERR771033
ERP009703	ERS667649	ERR771027
ERP009703	ERS667648	ERR771025
ERP009703	ERS667647	ERR771024
ERP009703	ERS667646	ERR771023
ERP009703	ERS667645	ERR771022
ERP009703	ERS667644	ERR771021
ERP009703	ERS667643	ERR771020
ERP009703	ERS667642	ERR771019
ERP009703	ERS667641	ERR771018
ERP009703	ERS667640	ERR771017
ERP009703	ERS667638	ERR771015
ERP009703	ERS667634	ERR771014
ERP009703	ERS667633	ERR771013
ERP009703	ERS667632	ERR771012
ERP009703	ERS667630	ERR771011
ERP009703	ERS667629	ERR771010
ERP009703	ERS667628	ERR771009
ERP009703	ERS667627	ERR771007
ERP009703	ERS667626	ERR771006
ERP009703	ERS667625	ERR771005
ERP009703	ERS667623	ERR771004
ERP009703	ERS667622	ERR771003
ERP009703	ERS667621	ERR771002
ERP009703	ERS667620	ERR771001
ERP009703	ERS667619	ERR771000
ERP009703	ERS667618	ERR770997
ERP009703	ERS667616	ERR770996
ERP009703	ERS667609	ERR770995
ERP009703	ERS667608	ERR770994
ERP009703	ERS667606	ERR770993
ERP009703	ERS667604	ERR770992
ERP009703	ERS667603	ERR770991
ERP009703	ERS667602	ERR770990
ERP009703	ERS667601	ERR770989
ERP009703	ERS667600	ERR770987
ERP009703	ERS667599	ERR770986
ERP009703	ERS667598	ERR770985
ERP009703	ERS667597	ERR770984
ERP009703	ERS667596	ERR770983
ERP009703	ERS667595	ERR770982
ERP009703	ERS667594	ERR770981
ERP009703	ERS667593	ERR770979
ERP009703	ERS667592	ERR770978
ERP009703	ERS667591	ERR770977
ERP009703	ERS667589	ERR770976
ERP009703	ERS667588	ERR770975
ERP009703	ERS667586	ERR770974
ERP009703	ERS667585	ERR770973
ERP009703	ERS667583	ERR770972
ERP009703	ERS667582	ERR770971
ERP009703	ERS667580	ERR770970
ERP009703	ERS667579	ERR770969
ERP009703	ERS667577	ERR770967
ERP009703	ERS667576	ERR770966
ERP009703	ERS667575	ERR770965
ERP009703	ERS667574	ERR770964
ERP009703	ERS667573	ERR770963
ERP009703	ERS667572	ERR770962
ERP009703	ERS667571	ERR770961
ERP009703	ERS667570	ERR770960
ERP009703	ERS667569	ERR770959
ERP009703	ERS667567	ERR770958
ERP009703	ERS667565	ERR771104
ERP009703	ERS667564	ERR771103
ERP009703	ERS667563	ERR771102
ERP009703	ERS667562	ERR771101
ERP009703	ERS667561	ERR771100
ERP009703	ERS667560	ERR771099
ERP009703	ERS667559	ERR771098
ERP009703	ERS667558	ERR771097
ERP009703	ERS667557	ERR771096
ERP009703	ERS667556	ERR771095
ERP009703	ERS667555	ERR771094
ERP009703	ERS667554	ERR771093
ERP009703	ERS667553	ERR771092
ERP009703	ERS667552	ERR771091
ERP009703	ERS667551	ERR771090
ERP009703	ERS667550	ERR771089
ERP009703	ERS667549	ERR771088
ERP009703	ERS667548	ERR771087
ERP009703	ERS667544	ERR771086
ERP009703	ERS667543	ERR771085
ERP009703	ERS667541	ERR771084
ERP009703	ERS667540	ERR771083
ERP009703	ERS667539	ERR771082
ERP009703	ERS667538	ERR771081
ERP009703	ERS667537	ERR771080
ERP009703	ERS667536	ERR771079
ERP009703	ERS667535	ERR771077
ERP009703	ERS667534	ERR771076
ERP009703	ERS667533	ERR771075
ERP009703	ERS667532	ERR771074
ERP009703	ERS667528	ERR771072
ERP009703	ERS667526	ERR771071
ERP009703	ERS667523	ERR771070
ERP009703	ERS667522	ERR771069
ERP009703	ERS667521	ERR771068
ERP009703	ERS667520	ERR771067
ERP009703	ERS667519	ERR771066
ERP009703	ERS667518	ERR771065
ERP009703	ERS667517	ERR771064
ERP009703	ERS667515	ERR771061
ERP009703	ERS667514	ERR771060
ERP009703	ERS667511	ERR771058
ERP009703	ERS667509	ERR771059
ERP009703	ERS667508	ERR771057
ERP009703	ERS667507	ERR771056
ERP009703	ERS667506	ERR771055
ERP009703	ERS667503	ERR771054
ERP009703	ERS667502	ERR771053
ERP009703	ERS667500	ERR771052
ERP009703	ERS667499	ERR771051
ERP009703	ERS667498	ERR771050
ERP009703	ERS667497	ERR771049
ERP009703	ERS667496	ERR771048
ERP009703	ERS667495	ERR771047
ERP009703	ERS667494	ERR771046
ERP009703	ERS667493	ERR771045
ERP009703	ERS667492	ERR771044
ERP009703	ERS667491	ERR771042
ERP009703	ERS667490	ERR771041
ERP009703	ERS667489	ERR771040
ERP009703	ERS667488	ERR771039
ERP009703	ERS667487	ERR771038
ERP009703	ERS667486	ERR771037
ERP009703	ERS667485	ERR771036
ERP009703	ERS667484	ERR771035
ERP009703	ERS667483	ERR771034
ERP009703	ERS667482	ERR771032
ERP009703	ERS667481	ERR771031
ERP009703	ERS667480	ERR771030
ERP009703	ERS667479	ERR771029
ERP009703	ERS667478	ERR771028
ERP009703	ERS702154	ERR855786
